{
    "name"           :"前端开发者辅助工具",
    "version"        :"0.1",
    "description"    :"前端开发常用工具整合",
    "permissions"    :["webRequest", "webRequestBlocking",
        "*://*/*", "tabs", "notifications","storage"],
    "options_page"   :"options.html",
    "background"     :{
        "scripts":["util.js", "background.js"]
    },
    "content_scripts":[
        {
            "matches":["http://*/*"],
            "js"     :["content_scripts.js"]
        }
    ],
    "browser_action": {
        "default_icon": "icon.jpg",
        "default_popup": "popup.html"
    },
    "devtools_page": "devpanelsinit.html",
    "manifest_version":2
}
